[

    {
        "categorie": "1960", 
        "values": [

            {
                "value": 0.0, 
                "rate": "Population ages 00-04, female (% of female population)"

            }, 

            {
                "value": 0.0, 
                "rate": "Population ages 15-64, male (% of male population)"

            } 

        ]

            }, 

    {
        "categorie": "1961", 
        "values": [

            {
                "value": 8.32436382845936, 
                "rate": "Population ages 00-04, female (% of female population)"

            }, 

            {
                "value": 63.419505023997495, 
                "rate": "Population ages 15-64, male (% of male population)"

            } 

        ]

            }, 

    {
        "categorie": "1962", 
        "values": [

            {
                "value": 8.438582375020241, 
                "rate": "Population ages 00-04, female (% of female population)"

            }, 

            {
                "value": 63.2663617475391, 
                "rate": "Population ages 15-64, male (% of male population)"

            } 

        ]

            }, 

    {
        "categorie": "1963", 
        "values": [

            {
                "value": 8.4795932904568, 
                "rate": "Population ages 00-04, female (% of female population)"

            }, 

            {
                "value": 63.3226876063105, 
                "rate": "Population ages 15-64, male (% of male population)"

            } 

        ]

            }, 

    {
        "categorie": "1964", 
        "values": [

            {
                "value": 8.44487381369785, 
                "rate": "Population ages 00-04, female (% of female population)"

            }, 

            {
                "value": 63.52551804571671, 
                "rate": "Population ages 15-64, male (% of male population)"

            } 

        ]

            }, 

    {
        "categorie": "1965", 
        "values": [

            {
                "value": 8.38219639795437, 
                "rate": "Population ages 00-04, female (% of female population)"

            }, 

            {
                "value": 63.7501994271854, 
                "rate": "Population ages 15-64, male (% of male population)"

            } 

        ]

            }, 

    {
        "categorie": "1966", 
        "values": [

            {
                "value": 8.32122063389954, 
                "rate": "Population ages 00-04, female (% of female population)"

            }, 

            {
                "value": 63.9313977553543, 
                "rate": "Population ages 15-64, male (% of male population)"

            } 

        ]

            } 

]
